<?xml version="1.0" encoding="UTF-8"?>
<config xmlns="http://www.knime.org/2008/09/XMLConfig" xmlns:xsi="http://www.w3.org/2001/XMLSchema-instance" xsi:schemaLocation="http://www.knime.org/2008/09/XMLConfig http://www.knime.org/XMLConfig_2008_09.xsd" key="model.xml">
    <entry key="version" type="xint" value="1"/>
    <entry key="class_name" type="xstring" value="org.knime.base.algorithms.outlier.NumericOutliersPortObject"/>
    <config key="model">
        <entry key="summary" type="xstring" value="Outlier treatment for columns: &quot;CustomerKey&quot;, &quot;WebActivity&quot;, &quot;SentimentRating&quot;,  ... &lt;16 more&gt;"/>
        <config key="group-col-types">
            <entry key="array-size" type="xint" value="0"/>
        </config>
        <config key="outlier-treatment">
            <entry key="outlier-treatment" type="xstring" value="Replace outlier values"/>
            <entry key="replacement-strategy" type="xstring" value="Missing values"/>
            <entry key="detection-option" type="xstring" value="All outliers"/>
            <entry key="update-domain" type="xboolean" value="false"/>
        </config>
        <config key="permitted intervals">
            <config key="groups">
                <entry key="array-size" type="xint" value="0"/>
            </config>
            <config key="outliers">
                <entry key="array-size" type="xint" value="19"/>
                <entry key="0" type="xstring" value="CustomerKey"/>
                <entry key="1" type="xstring" value="WebActivity"/>
                <entry key="2" type="xstring" value="SentimentRating"/>
                <entry key="3" type="xstring" value="EstimatedYearlyIncome"/>
                <entry key="4" type="xstring" value="NumberOfContracts"/>
                <entry key="5" type="xstring" value="Age"/>
                <entry key="6" type="xstring" value="Target"/>
                <entry key="7" type="xstring" value="Available401K"/>
                <entry key="8" type="xstring" value="CustomerValueSegment"/>
                <entry key="9" type="xstring" value="CallActivity"/>
                <entry key="10" type="xstring" value="Year"/>
                <entry key="11" type="xstring" value="Month (number)"/>
                <entry key="12" type="xstring" value="Day of week (number)"/>
                <entry key="13" type="xstring" value="MaritalStatus (to number)"/>
                <entry key="14" type="xstring" value="Gender (to number)"/>
                <entry key="15" type="xstring" value="Products (to number)"/>
                <entry key="16" type="xstring" value="Age [Binned] (to number)"/>
                <entry key="17" type="xstring" value="Month (name) (to number)"/>
                <entry key="18" type="xstring" value="Day of week (name) (to number)"/>
            </config>
            <config key="data">
                <config key="row0">
                    <config key="key">
                        <config key="group-key">
                            <entry key="array-size" type="xint" value="0"/>
                        </config>
                    </config>
                    <config key="interval-columns">
                        <config key="interval0">
                            <entry key="outlier" type="xstring" value="NumberOfContracts"/>
                            <config key="interval">
                                <entry key="array-size" type="xint" value="2"/>
                                <entry key="0" type="xdouble" value="-0.5"/>
                                <entry key="1" type="xdouble" value="1.5"/>
                            </config>
                        </config>
                        <config key="interval1">
                            <entry key="outlier" type="xstring" value="MaritalStatus (to number)"/>
                            <config key="interval">
                                <entry key="array-size" type="xint" value="2"/>
                                <entry key="0" type="xdouble" value="-1.5"/>
                                <entry key="1" type="xdouble" value="2.5"/>
                            </config>
                        </config>
                        <config key="interval2">
                            <entry key="outlier" type="xstring" value="Gender (to number)"/>
                            <config key="interval">
                                <entry key="array-size" type="xint" value="2"/>
                                <entry key="0" type="xdouble" value="-1.5"/>
                                <entry key="1" type="xdouble" value="2.5"/>
                            </config>
                        </config>
                        <config key="interval3">
                            <entry key="outlier" type="xstring" value="CustomerKey"/>
                            <config key="interval">
                                <entry key="array-size" type="xint" value="2"/>
                                <entry key="0" type="xdouble" value="-0.9191613100704009"/>
                                <entry key="1" type="xdouble" value="1.7291398836853382"/>
                            </config>
                        </config>
                        <config key="interval4">
                            <entry key="outlier" type="xstring" value="WebActivity"/>
                            <config key="interval">
                                <entry key="array-size" type="xint" value="2"/>
                                <entry key="0" type="xdouble" value="-1.125"/>
                                <entry key="1" type="xdouble" value="1.875"/>
                            </config>
                        </config>
                        <config key="interval5">
                            <entry key="outlier" type="xstring" value="Month (number)"/>
                            <config key="interval">
                                <entry key="array-size" type="xint" value="2"/>
                                <entry key="0" type="xdouble" value="-0.7727272727272729"/>
                                <entry key="1" type="xdouble" value="1.772727272727273"/>
                            </config>
                        </config>
                        <config key="interval6">
                            <entry key="outlier" type="xstring" value="Age [Binned] (to number)"/>
                            <config key="interval">
                                <entry key="array-size" type="xint" value="2"/>
                                <entry key="0" type="xdouble" value="-0.75"/>
                                <entry key="1" type="xdouble" value="1.25"/>
                            </config>
                        </config>
                        <config key="interval7">
                            <entry key="outlier" type="xstring" value="Available401K"/>
                            <config key="interval">
                                <entry key="array-size" type="xint" value="2"/>
                                <entry key="0" type="xdouble" value="1.0"/>
                                <entry key="1" type="xdouble" value="1.0"/>
                            </config>
                        </config>
                        <config key="interval8">
                            <entry key="outlier" type="xstring" value="CustomerValueSegment"/>
                            <config key="interval">
                                <entry key="array-size" type="xint" value="2"/>
                                <entry key="0" type="xdouble" value="-0.25"/>
                                <entry key="1" type="xdouble" value="1.75"/>
                            </config>
                        </config>
                        <config key="interval9">
                            <entry key="outlier" type="xstring" value="CallActivity"/>
                            <config key="interval">
                                <entry key="array-size" type="xint" value="2"/>
                                <entry key="0" type="xdouble" value="0.125"/>
                                <entry key="1" type="xdouble" value="1.125"/>
                            </config>
                        </config>
                        <config key="interval10">
                            <entry key="outlier" type="xstring" value="Target"/>
                            <config key="interval">
                                <entry key="array-size" type="xint" value="2"/>
                                <entry key="0" type="xdouble" value="-1.5"/>
                                <entry key="1" type="xdouble" value="2.5"/>
                            </config>
                        </config>
                        <config key="interval11">
                            <entry key="outlier" type="xstring" value="Year"/>
                            <config key="interval">
                                <entry key="array-size" type="xint" value="2"/>
                                <entry key="0" type="xdouble" value="-0.2317073170731696"/>
                                <entry key="1" type="xdouble" value="1.2317073170731767"/>
                            </config>
                        </config>
                        <config key="interval12">
                            <entry key="outlier" type="xstring" value="Day of week (number)"/>
                            <config key="interval">
                                <entry key="array-size" type="xint" value="2"/>
                                <entry key="0" type="xdouble" value="-0.8333333333333334"/>
                                <entry key="1" type="xdouble" value="1.8333333333333335"/>
                            </config>
                        </config>
                        <config key="interval13">
                            <entry key="outlier" type="xstring" value="Month (name) (to number)"/>
                            <config key="interval">
                                <entry key="array-size" type="xint" value="2"/>
                                <entry key="0" type="xdouble" value="-0.40909090909090917"/>
                                <entry key="1" type="xdouble" value="1.4090909090909092"/>
                            </config>
                        </config>
                        <config key="interval14">
                            <entry key="outlier" type="xstring" value="EstimatedYearlyIncome"/>
                            <config key="interval">
                                <entry key="array-size" type="xint" value="2"/>
                                <entry key="0" type="xdouble" value="-0.375"/>
                                <entry key="1" type="xdouble" value="1.125"/>
                            </config>
                        </config>
                        <config key="interval15">
                            <entry key="outlier" type="xstring" value="Day of week (name) (to number)"/>
                            <config key="interval">
                                <entry key="array-size" type="xint" value="2"/>
                                <entry key="0" type="xdouble" value="-0.8333333333333334"/>
                                <entry key="1" type="xdouble" value="1.8333333333333333"/>
                            </config>
                        </config>
                        <config key="interval16">
                            <entry key="outlier" type="xstring" value="SentimentRating"/>
                            <config key="interval">
                                <entry key="array-size" type="xint" value="2"/>
                                <entry key="0" type="xdouble" value="-0.20000000000000007"/>
                                <entry key="1" type="xdouble" value="1.4000000000000001"/>
                            </config>
                        </config>
                        <config key="interval17">
                            <entry key="outlier" type="xstring" value="Products (to number)"/>
                            <config key="interval">
                                <entry key="array-size" type="xint" value="2"/>
                                <entry key="0" type="xdouble" value="-1.125"/>
                                <entry key="1" type="xdouble" value="1.875"/>
                            </config>
                        </config>
                        <config key="interval18">
                            <entry key="outlier" type="xstring" value="Age"/>
                            <config key="interval">
                                <entry key="array-size" type="xint" value="2"/>
                                <entry key="0" type="xdouble" value="-0.26249999999999996"/>
                                <entry key="1" type="xdouble" value="1.2375"/>
                            </config>
                        </config>
                    </config>
                </config>
            </config>
        </config>
    </config>
</config>
