<?xml version="1.0" encoding="UTF-8"?>
<config xmlns="http://www.knime.org/2008/09/XMLConfig" xmlns:xsi="http://www.w3.org/2001/XMLSchema-instance" xsi:schemaLocation="http://www.knime.org/2008/09/XMLConfig http://www.knime.org/XMLConfig_2008_09.xsd" key="MiningSchema">
    <config key="learning">
        <entry key="array-size" type="xint" value="25"/>
        <entry key="0" type="xstring" value="CustomerKey"/>
        <entry key="1" type="xstring" value="WebActivity"/>
        <entry key="2" type="xstring" value="SentimentRating"/>
        <entry key="3" type="xstring" value="MaritalStatus"/>
        <entry key="4" type="xstring" value="Gender"/>
        <entry key="5" type="xstring" value="EstimatedYearlyIncome"/>
        <entry key="6" type="xstring" value="NumberOfContracts"/>
        <entry key="7" type="xstring" value="Age"/>
        <entry key="8" type="xstring" value="Target"/>
        <entry key="9" type="xstring" value="Available401K"/>
        <entry key="10" type="xstring" value="CustomerValueSegment"/>
        <entry key="11" type="xstring" value="CallActivity"/>
        <entry key="12" type="xstring" value="Products"/>
        <entry key="13" type="xstring" value="Age [Binned]"/>
        <entry key="14" type="xstring" value="Year"/>
        <entry key="15" type="xstring" value="Month (number)"/>
        <entry key="16" type="xstring" value="Month (name)"/>
        <entry key="17" type="xstring" value="Day of week (number)"/>
        <entry key="18" type="xstring" value="Day of week (name)"/>
        <entry key="19" type="xstring" value="MaritalStatus (to number)"/>
        <entry key="20" type="xstring" value="Gender (to number)"/>
        <entry key="21" type="xstring" value="Products (to number)"/>
        <entry key="22" type="xstring" value="Age [Binned] (to number)"/>
        <entry key="23" type="xstring" value="Month (name) (to number)"/>
        <entry key="24" type="xstring" value="Day of week (name) (to number)"/>
    </config>
    <config key="target">
        <entry key="array-size" type="xint" value="1"/>
        <entry key="0" type="xstring" value="Sentiment Analysis"/>
    </config>
</config>
